{
  "space": {
    "name": "jina-v5-nano-768-zh",
    "model": "jina-embeddings-v5-text-nano",
    "dim": 768,
    "per_token": false,
    "directory": "/data/embeddings/fineweb2-cmn_Hani-chunked-500-jina-v5-nano/train/",
    "note": "Pooled sentence embeddings, 500-token chunks, fineweb2 Chinese (cmn_Hani)."
  },
  "data": {
    "total_rows": 2000000,
    "n_shards": 1,
    "dtypes": [
      "float16"
    ]
  },
  "sample_sizes": {
    "master": 100000,
    "pairs": 100000,
    "twonn": 20000,
    "pca": 50000,
    "hubness": 50000,
    "k_hub": 50
  },
  "metrics": {
    "anisotropy": {
      "mean_cosine": 0.3406682312488556,
      "mean_abs_cosine": 0.34066957235336304,
      "std_cosine": 0.09992818534374237,
      "cosine_pct": {
        "p1": 0.11277549713850021,
        "p5": 0.17298398911952972,
        "p25": 0.27283650636672974,
        "p50": 0.3414802849292755,
        "p75": 0.40948912501335144,
        "p95": 0.5026805996894836,
        "p99": 0.5676403045654297
      },
      "mean_norm": 1.0,
      "norm_cv": 1.648778015805874e-05,
      "n_pairs": 100000
    },
    "uniformity": {
      "l_uniform": -2.5577081035200333,
      "t": 2.0,
      "n_pairs": 100000
    },
    "intrinsic_dim": {
      "twonn_id": 52.16019717575809,
      "n_points": 20000,
      "n_used": 18000,
      "discard_frac": 0.1,
      "pca_participation_ratio_ref": 125.19436160071216
    },
    "pca": {
      "participation_ratio": 125.19436160071216,
      "n_eigen": 768,
      "top_eigenvalues": [
        0.029954783750899994,
        0.020812042180055078,
        0.01691712019394462,
        0.013371415644390042,
        0.012182597436470688,
        0.010695093494523132,
        0.009905033322611627,
        0.008817300326177679,
        0.008715934888853676,
        0.008040830648620254,
        0.0070955582138835785,
        0.0066982949470447955,
        0.00634159024101689,
        0.006072842087855534,
        0.006026827712492316,
        0.005833586118531069,
        0.005743792139146386,
        0.005581675009552891,
        0.005205454054581828,
        0.005098280344983278,
        0.004827088477856173,
        0.004761610320745087,
        0.004635647898803717,
        0.004499289664710269,
        0.004287429222649482,
        0.004117978023241282,
        0.0040674526186075715,
        0.003947717490661656,
        0.003804534043793213,
        0.003735976540059717,
        0.0036329585548665545,
        0.0035182683849182272,
        0.0034378669006026614,
        0.003424370168077957,
        0.0032843237944256438,
        0.0032638463510314885,
        0.0031746752776344316,
        0.0030891347415908563,
        0.0030362520968264376,
        0.0029974233217563893,
        0.002961161031690703,
        0.0029305809324179175,
        0.002822691088098664,
        0.002810823216281134,
        0.0027875226848834223,
        0.0027265161510694733,
        0.002701067984105457,
        0.002659211470292082,
        0.0025811925606229577,
        0.0025426461265997953,
        0.002520663362865487,
        0.0025095189545133187,
        0.002433727505737433,
        0.0024193176801396293,
        0.0023694288528427806,
        0.0023386343122294294,
        0.0023381268198049416,
        0.002305340791679869,
        0.002264446546981576,
        0.0022402346178713377,
        0.0022049972204491557,
        0.002184645656694916,
        0.0021403716468577404,
        0.002133313898456663,
        0.0021181265232062545,
        0.0021040054606390793,
        0.002097510565379846,
        0.0020877778677093188,
        0.0020487843799550844,
        0.0020146282411929992,
        0.0019839776715486084,
        0.00196591405331774,
        0.0019473856822070398,
        0.0019208091523802272,
        0.0019035719568952741,
        0.0018739018284116718,
        0.001867721254023889,
        0.0018416214234361834,
        0.0018311846110722811,
        0.0018205811414154323,
        0.0017995736304634215,
        0.0017856146445783196,
        0.0017641396306907122,
        0.0017489960879205713,
        0.0017385887107540668,
        0.001723842728357019,
        0.001703173815935484,
        0.0016767451371465952,
        0.0016592160430855913,
        0.001636372096889155,
        0.0016269992394763691,
        0.0016154347666066829,
        0.0016033848329380222,
        0.001585080018453294,
        0.0015718188106986972,
        0.0015569339815654903,
        0.0015470544252454929,
        0.0015445169258211414,
        0.0015252490720513556,
        0.001523282996631162
      ],
      "var_top2": 0.07695786728795752,
      "var_top10": 0.2113360779696002,
      "var_top50": 0.4580731784162528,
      "tail_powerlaw_slope": -0.7232549700411689,
      "tail_range": [
        10,
        100
      ]
    },
    "hubness": {
      "k": 50,
      "indegree_skewness": 4.015168544327639,
      "indegree_max": 1274,
      "indegree_mean": 50.0,
      "indegree_std": 64.76653580360771,
      "n_points": 50000,
      "n_hubs_ge_2k": 6478,
      "n_antihubs_zero": 768
    }
  },
  "wall_time_sec": 66.1,
  "interpretation": "Anisotropic cone (mean cos +0.341, 8% variance in top-2 PCA): a dominant axis exists that a map can lock onto, which helps determinism but Euclidean UMAP may over-weight that axis; cosine/centering worth checking. Intrinsic dimension is high (TwoNN 52.2, PCA participation ratio 125 of 768), so 2D can only preserve local neighborhoods, not global geometry -- favors a dense kNN graph (k=50) and %-of-ceiling framing. High hubness (in-degree skew 4.0, max 1274): a few hub points dominate the kNN graph, a known kNN-quality concern that can distort attraction; mutual-kNN or hubness-aware edge weighting may help."
}