{
  "space": {
    "name": "jina-v5-nano-768-en",
    "model": "jina-embeddings-v5-text-nano",
    "dim": 768,
    "per_token": false,
    "directory": "/data/embeddings/fineweb-edu-sample-10BT-chunked-500-jina-v5-nano/train/",
    "note": "Pooled sentence embeddings, 500-token chunks, fineweb-edu (English). Primary target model."
  },
  "data": {
    "total_rows": 2890362,
    "n_shards": 11,
    "dtypes": [
      "float16"
    ]
  },
  "sample_sizes": {
    "master": 100000,
    "pairs": 100000,
    "twonn": 20000,
    "pca": 50000,
    "hubness": 50000,
    "k_hub": 50
  },
  "metrics": {
    "anisotropy": {
      "mean_cosine": 0.11562394350767136,
      "mean_abs_cosine": 0.11606334894895554,
      "std_cosine": 0.0673411563038826,
      "cosine_pct": {
        "p1": -0.005919158458709717,
        "p5": 0.02419663593173027,
        "p25": 0.07011936604976654,
        "p50": 0.1067006066441536,
        "p75": 0.15035292506217957,
        "p95": 0.23805469274520874,
        "p99": 0.3268176019191742
      },
      "mean_norm": 1.0,
      "norm_cv": 1.3955910617369227e-05,
      "n_pairs": 100000
    },
    "uniformity": {
      "l_uniform": -3.497874576908705,
      "t": 2.0,
      "n_pairs": 100000
    },
    "intrinsic_dim": {
      "twonn_id": 26.415846945751127,
      "n_points": 20000,
      "n_used": 17955,
      "discard_frac": 0.1,
      "pca_participation_ratio_ref": 202.27310750119062
    },
    "pca": {
      "participation_ratio": 202.27310750119062,
      "n_eigen": 768,
      "top_eigenvalues": [
        0.021352139265704388,
        0.020626850334029345,
        0.015718298617820176,
        0.015462341021026702,
        0.012931996020935003,
        0.012574485748135708,
        0.010068269483397735,
        0.009856639632473225,
        0.009093039222721802,
        0.008817076502325914,
        0.008166026851308947,
        0.007669593945294855,
        0.007589464049728864,
        0.007281540209768614,
        0.006983909785520998,
        0.006872395549671774,
        0.006427598479040477,
        0.006232856253942328,
        0.005932288713304659,
        0.005858636672542645,
        0.005487079941094661,
        0.005417347780683924,
        0.005261155374912993,
        0.0051162632416399765,
        0.005070279312187201,
        0.005006809396392416,
        0.004926085949605027,
        0.004817517570144221,
        0.004777595479439402,
        0.004659689191039098,
        0.00456533006797581,
        0.004540270128765103,
        0.004401363849102893,
        0.004343969701585595,
        0.004288899464671811,
        0.004209596002139462,
        0.004087414907212542,
        0.004065310004480919,
        0.003930201376447161,
        0.003900344317489685,
        0.003875882410783368,
        0.0037756506209420683,
        0.003714333753398457,
        0.003691255834803384,
        0.0036202798746509794,
        0.0035376436605276296,
        0.003490687001819372,
        0.0034827138098828675,
        0.003449284376288275,
        0.0033854964598372204,
        0.0033723390001636523,
        0.0033337634024421495,
        0.0032705083297850973,
        0.0032494388262071924,
        0.003155165387362945,
        0.0031195672499884216,
        0.0031008985453506803,
        0.0030832017796983387,
        0.0030330907644190368,
        0.003002361141588727,
        0.0029265830028536548,
        0.002906517553894862,
        0.0028920843466155267,
        0.0028185293468551424,
        0.002806733344063969,
        0.0027745533565404013,
        0.002732050163808604,
        0.0027263801765655222,
        0.00271592813419226,
        0.002674940248662675,
        0.002646247969033657,
        0.0026063116550876396,
        0.002595321667190028,
        0.002584473647695741,
        0.0025584443637512904,
        0.0025524141382172404,
        0.0025495159281792297,
        0.002508729108445304,
        0.0024886989904097058,
        0.0024596979153052446,
        0.0024467420078887617,
        0.0024064686380935525,
        0.0023915356310054933,
        0.0023833407141863527,
        0.002338619699408215,
        0.0023355335994740436,
        0.002333506620724469,
        0.0023015861555397248,
        0.002285353639436066,
        0.0022722875783583707,
        0.0022578197695612124,
        0.0022470005368010735,
        0.0022279254370426655,
        0.0022078051008781662,
        0.002180155512613015,
        0.002161353352839595,
        0.00214148929470721,
        0.002131278457172596,
        0.0021253491129057576,
        0.0021097942158232533
      ],
      "var_top2": 0.04748846101820601,
      "var_top10": 0.1544160288395025,
      "var_top50": 0.3783005082921198,
      "tail_powerlaw_slope": -0.6237654680321528,
      "tail_range": [
        10,
        100
      ]
    },
    "hubness": {
      "k": 50,
      "indegree_skewness": 1.651564216587236,
      "indegree_max": 328,
      "indegree_mean": 50.0,
      "indegree_std": 31.5669219278662,
      "n_points": 50000,
      "n_hubs_ge_2k": 3538,
      "n_antihubs_zero": 17
    }
  },
  "wall_time_sec": 64.7,
  "interpretation": "Mildly anisotropic (mean cos +0.116, mean|cos| 0.116, 5% variance in top-2 PCA): some global orientation but no strong dominant axis; expect moderate layout determinacy. Intrinsic dimension is high (TwoNN 26.4, PCA participation ratio 202 of 768), so 2D can only preserve local neighborhoods, not global geometry -- favors a dense kNN graph (k=50) and %-of-ceiling framing. Hubness is moderate (in-degree skew 1.7, max 328): the kNN graph is reasonably balanced, no special hubness mitigation indicated."
}