{
  "test": "V3_consumer_contract",
  "artifact": "edges_30m_k15_fuzzy.npz",
  "n_edges": 738221242,
  "n_nodes": 30000000,
  "load_seconds": 17.1,
  "peak_rss_gb": 9.51,
  "cdf_built": true,
  "cdf_max_backstep": 5.551115123125783e-16,
  "cdf_endpoint": 0.9999999999999958,
  "constant_weights_warning": false,
  "weight_median": 0.18632011115550995,
  "weight_mean": 0.28261331114566374,
  "weight_min": 1.401298464324817e-45,
  "weight_max": 1.0,
  "n_drawn": 10000000,
  "decile_draw_vs_expected_corr": 1.0,
  "decile_max_abs_diff": 0.000144,
  "decile_mean_weight": [
    0.02609,
    0.06946,
    0.10448,
    0.13669,
    0.16914,
    0.20605,
    0.25814,
    0.35008,
    0.54842,
    0.95759
  ],
  "decile_draw_freq": [
    0.0092,
    0.02452,
    0.03697,
    0.04833,
    0.0598,
    0.07291,
    0.09145,
    0.12389,
    0.19395,
    0.33898
  ],
  "decile_expected_freq": [
    0.00923,
    0.02458,
    0.03697,
    0.04837,
    0.05985,
    0.07291,
    0.09134,
    0.12387,
    0.19405,
    0.33884
  ],
  "PASS": true
}