{
 "mn0_s1_ws0": {
  "ffr": 0.5795,
  "pur": 1.1862333333333333,
  "hd": 0.3303,
  "mp": 0.3918
 },
 "mn0_s1_ws1": {
  "ffr": 0.6469999999999999,
  "pur": 1.114,
  "hd": 0.3303,
  "mp": 0.3679333333333334
 },
 "mn1_s4_ws0": {
  "ffr": 0.5710999999999999,
  "pur": 1.1694,
  "hd": 0.3303,
  "mp": 0.38619999999999993
 },
 "mn1_s4_ws1": {
  "ffr": 0.6389666666666667,
  "pur": 1.1087,
  "hd": 0.3303,
  "mp": 0.3662
 }
}