{
  "space": {
    "name": "jina-v5-nano-768-ar",
    "model": "jina-embeddings-v5-text-nano",
    "dim": 768,
    "per_token": false,
    "directory": "/data/embeddings/fineweb2-arb_Arab-chunked-500-jina-v5-nano/train/",
    "note": "Pooled sentence embeddings, 500-token chunks, fineweb2 Arabic (arb_Arab)."
  },
  "data": {
    "total_rows": 2000000,
    "n_shards": 1,
    "dtypes": [
      "float16"
    ]
  },
  "sample_sizes": {
    "master": 100000,
    "pairs": 100000,
    "twonn": 20000,
    "pca": 50000,
    "hubness": 50000,
    "k_hub": 50
  },
  "metrics": {
    "anisotropy": {
      "mean_cosine": 0.17410539090633392,
      "mean_abs_cosine": 0.1741466224193573,
      "std_cosine": 0.08664467185735703,
      "cosine_pct": {
        "p1": 0.02872903272509575,
        "p5": 0.06173768267035484,
        "p25": 0.11433454602956772,
        "p50": 0.1594262421131134,
        "p75": 0.21718931198120117,
        "p95": 0.33939340710639954,
        "p99": 0.44981905817985535
      },
      "mean_norm": 1.0,
      "norm_cv": 1.4309754988062195e-05,
      "n_pairs": 100000
    },
    "uniformity": {
      "l_uniform": -3.237446148258803,
      "t": 2.0,
      "n_pairs": 100000
    },
    "intrinsic_dim": {
      "twonn_id": 28.324696731720397,
      "n_points": 20000,
      "n_used": 18000,
      "discard_frac": 0.1,
      "pca_participation_ratio_ref": 128.28940198363821
    },
    "pca": {
      "participation_ratio": 128.28940198363821,
      "n_eigen": 768,
      "top_eigenvalues": [
        0.03450285555428472,
        0.029830822827646934,
        0.018325819096249373,
        0.014884563742911206,
        0.014171687200693166,
        0.012242021728903745,
        0.011402691066324794,
        0.010802131790020547,
        0.010154841306408998,
        0.009991193948804461,
        0.008966221278769549,
        0.008745981009041304,
        0.00864783433719815,
        0.0082537716660468,
        0.00808421793081198,
        0.0076582961412646755,
        0.007024571426446419,
        0.006878345751989214,
        0.006646229666801825,
        0.006463851062663031,
        0.0062004428706512295,
        0.006006701280079462,
        0.005883380687261654,
        0.005707671122679292,
        0.005580965803158882,
        0.005551122731629902,
        0.0052036638183198475,
        0.005087486025122215,
        0.004891575640897067,
        0.004838928584331762,
        0.004771695797098281,
        0.004550384654311523,
        0.004431858509310467,
        0.004388588604403428,
        0.004325614037187112,
        0.004243728164664308,
        0.004177611278313018,
        0.004091295131487674,
        0.004059997685890506,
        0.003943821212157782,
        0.00391143687860273,
        0.0038462662050994943,
        0.003723763096855109,
        0.0037012054754979,
        0.00365459292750255,
        0.0036164109652424828,
        0.0035738950916305323,
        0.003456820188097056,
        0.0033951830531226356,
        0.003340733441853176,
        0.0033018792152011756,
        0.003260614488629196,
        0.003243504140035497,
        0.0032076121390204686,
        0.003155411928848145,
        0.003104345778023703,
        0.003062963457068591,
        0.0030214141988263964,
        0.003013295738766962,
        0.00297120391834615,
        0.0029045039376052145,
        0.002882721780553358,
        0.0028516216888273068,
        0.0028290512250716097,
        0.0027889349414766734,
        0.0027680614576963765,
        0.0027507964399621446,
        0.0027135726288022373,
        0.0026719785613062035,
        0.0026553162477065393,
        0.002640837142874301,
        0.0026114358615968347,
        0.002597061864055141,
        0.0025666464516726863,
        0.0025313278151570208,
        0.0024812004535097734,
        0.002471728016238769,
        0.002451266923834697,
        0.0024430417874056892,
        0.002397520215882638,
        0.0023746346405433376,
        0.0023276131393745445,
        0.0023239302617289845,
        0.0022917509389731062,
        0.0022585102615740693,
        0.00224076987432901,
        0.002237066136008323,
        0.0022012106837457743,
        0.0021865345891659807,
        0.002169036997449286,
        0.0021520107191327505,
        0.002128837475000355,
        0.0021088940454547025,
        0.0020864950036202385,
        0.002066130325841044,
        0.0020415736038071563,
        0.0020297069496441503,
        0.0020148764807182916,
        0.0020072345568529046,
        0.001991542432807215
      ],
      "var_top2": 0.07817820473840534,
      "var_top10": 0.20209803507366278,
      "var_top50": 0.45914435911978285,
      "tail_powerlaw_slope": -0.7099247916822587,
      "tail_range": [
        10,
        100
      ]
    },
    "hubness": {
      "k": 50,
      "indegree_skewness": 2.192194973013673,
      "indegree_max": 533,
      "indegree_mean": 50.0,
      "indegree_std": 36.84598865548325,
      "n_points": 50000,
      "n_hubs_ge_2k": 4323,
      "n_antihubs_zero": 41
    }
  },
  "wall_time_sec": 64.9,
  "interpretation": "Anisotropic cone (mean cos +0.174, 8% variance in top-2 PCA): a dominant axis exists that a map can lock onto, which helps determinism but Euclidean UMAP may over-weight that axis; cosine/centering worth checking. Intrinsic dimension is high (TwoNN 28.3, PCA participation ratio 128 of 768), so 2D can only preserve local neighborhoods, not global geometry -- favors a dense kNN graph (k=50) and %-of-ceiling framing. High hubness (in-degree skew 2.2, max 533): a few hub points dominate the kNN graph, a known kNN-quality concern that can distort attraction; mutual-kNN or hubness-aware edge weighting may help."
}