{
  "space": {
    "name": "minilm-384-fineweb",
    "model": "all-MiniLM-L6-v2",
    "dim": 384,
    "per_token": false,
    "directory": "/data/embeddings/fineweb-edu-sample-10BT-chunked-120-all-MiniLM-L6-v2/train/",
    "note": "Pooled sentence embeddings, 120-token chunks, fineweb-edu (English)."
  },
  "data": {
    "total_rows": 50999581,
    "n_shards": 54,
    "dtypes": [
      "float32"
    ]
  },
  "sample_sizes": {
    "master": 100000,
    "pairs": 100000,
    "twonn": 20000,
    "pca": 50000,
    "hubness": 50000,
    "k_hub": 50
  },
  "metrics": {
    "anisotropy": {
      "mean_cosine": 0.02712125889956951,
      "mean_abs_cosine": 0.06646857410669327,
      "std_cosine": 0.08472618460655212,
      "cosine_pct": {
        "p1": -0.13603973388671875,
        "p5": -0.09367384761571884,
        "p25": -0.03066162019968033,
        "p50": 0.017401348799467087,
        "p75": 0.07421308010816574,
        "p95": 0.18076114356517792,
        "p99": 0.27634623646736145
      },
      "mean_norm": 0.9999099969863892,
      "norm_cv": 0.00948726013302803,
      "n_pairs": 100000
    },
    "uniformity": {
      "l_uniform": -3.827424366337416,
      "t": 2.0,
      "n_pairs": 100000
    },
    "intrinsic_dim": {
      "twonn_id": 39.00291364971467,
      "n_points": 20000,
      "n_used": 17998,
      "discard_frac": 0.1,
      "pca_participation_ratio_ref": 142.69240466520284
    },
    "pca": {
      "participation_ratio": 142.69240466520284,
      "n_eigen": 384,
      "top_eigenvalues": [
        0.025594203411871477,
        0.023861143166053294,
        0.020994184943952623,
        0.01780549460847599,
        0.016437830341110907,
        0.014784501963436161,
        0.013931602250092929,
        0.012755379206202429,
        0.012325422915404682,
        0.011807955381318723,
        0.01148035369877117,
        0.010681512144064731,
        0.010155296562485346,
        0.010078833375671992,
        0.009591105000004384,
        0.009317849503071952,
        0.00879706818027285,
        0.008635651705026615,
        0.008384829000736543,
        0.00817094778448619,
        0.007860055232204701,
        0.0076900386029466325,
        0.007660521657606749,
        0.007305674385770354,
        0.007165522787717341,
        0.007098135710476615,
        0.007032826757468601,
        0.006948284745705887,
        0.00684939636419816,
        0.006710298501826807,
        0.006623791837166734,
        0.006383612208232003,
        0.006332539531920958,
        0.006227267379961607,
        0.0062225115428738535,
        0.006148248473689838,
        0.006032673192733983,
        0.005989242576943082,
        0.005810665956958312,
        0.005742716650796963,
        0.005640055854121002,
        0.005596396828857034,
        0.005551448933471945,
        0.005503729017876195,
        0.00540271990318367,
        0.005389824935886139,
        0.00529498149869578,
        0.0052679432910935145,
        0.005147201928146058,
        0.005125632852451026,
        0.0050454019743097584,
        0.005023088630872355,
        0.004915336727815407,
        0.004858330477658461,
        0.004805947052250008,
        0.004771382258972012,
        0.004665536375767913,
        0.0045912829653462685,
        0.004558268866368003,
        0.00451185206418554,
        0.004456649271847726,
        0.00442340638278279,
        0.004398397580044262,
        0.0043868051894291335,
        0.004327752036573507,
        0.004318835328480922,
        0.004281564408523031,
        0.004268466440504703,
        0.004210401782411879,
        0.004177575902975348,
        0.004081977808357313,
        0.00405919648566127,
        0.0040410190950251074,
        0.003992714220963386,
        0.003942914340188107,
        0.0039173800919834224,
        0.00388335958762715,
        0.0038482646753396025,
        0.003829275558259166,
        0.0038186050138087043,
        0.003772085662655392,
        0.0036916072828372896,
        0.0036760029243205067,
        0.0036521240528074,
        0.003589761497131337,
        0.0035822563817110454,
        0.0035222758032967785,
        0.003504136810979307,
        0.0034783352400931584,
        0.003451996269445681,
        0.0033928174556348612,
        0.003383082284077689,
        0.003337404657319356,
        0.003328519984139725,
        0.003317237497557977,
        0.0032805365149596796,
        0.003249606423812508,
        0.0031908642816979626,
        0.003172067674041079,
        0.0031374996137378697
      ],
      "var_top2": 0.05083072485217876,
      "var_top10": 0.17503378411320064,
      "var_top50": 0.46595288214635644,
      "tail_powerlaw_slope": -0.5658507446779008,
      "tail_range": [
        10,
        100
      ]
    },
    "hubness": {
      "k": 50,
      "indegree_skewness": 1.8361115308243479,
      "indegree_max": 505,
      "indegree_mean": 50.00018,
      "indegree_std": 34.26746357651234,
      "n_points": 50000,
      "n_hubs_ge_2k": 4098,
      "n_antihubs_zero": 22
    }
  },
  "wall_time_sec": 43.1,
  "interpretation": "Mildly anisotropic (mean cos +0.027, mean|cos| 0.066, 5% variance in top-2 PCA): some global orientation but no strong dominant axis; expect moderate layout determinacy. Intrinsic dimension is high (TwoNN 39.0, PCA participation ratio 143 of 384), so 2D can only preserve local neighborhoods, not global geometry -- favors a dense kNN graph (k=50) and %-of-ceiling framing. Hubness is moderate (in-degree skew 1.8, max 505): the kNN graph is reasonably balanced, no special hubness mitigation indicated."
}